id,first_name,last_name,email,gender,age
1,Ferdie,Hutchason,fhutchason0@wikia.com,Male,52
2,Nancie,Trudgion,ntrudgion1@chicagotribune.com,Female,54
3,Konstantin,Bris,kbris2@github.io,Male,69
4,Philip,Perks,pperks3@pinterest.com,Male,23
5,Lauree,Alloisi,lalloisi4@mail.ru,Female,59
6,Henriette,Gayne,hgayne5@nbcnews.com,Female,56
7,Quinlan,Vipan,qvipan6@ftc.gov,Male,52
8,Foss,Vautin,fvautin7@blogspot.com,Male,65
9,Inness,Mandifield,imandifield8@rakuten.co.jp,Male,44
10,Christos,Fruchon,cfruchon9@amazon.co.uk,Male,70
11,Kermie,Klewer,kklewera@goo.ne.jp,Male,65
12,Heida,Webland,hweblandb@shutterfly.com,Female,20
13,Janine,O'Kerin,jokerinc@booking.com,Female,19
14,Lurette,Cruft,lcruftd@intel.com,Female,56
15,Cammy,Pankethman,cpankethmane@fema.gov,Female,44
16,Xenia,Gaskall,xgaskallf@flavors.me,Female,18
17,Agnes,Burberye,aburberyeg@xrea.com,Female,72
18,Otho,Cornhill,ocornhillh@naver.com,Bigender,63
19,Annadiane,Figgs,afiggsi@sina.com.cn,Female,75
20,Cad,Spurge,cspurgej@deliciousdays.com,Male,77
21,Nikola,Knagges,nknaggesk@miibeian.gov.cn,Male,24
22,Pooh,Garnson,pgarnsonl@amazon.co.jp,Male,47
23,Clarissa,Cooling,ccoolingm@weebly.com,Female,36
24,Ulysses,Sissons,usissonsn@creativecommons.org,Male,64
25,Natal,Tilliards,ntilliardso@nymag.com,Male,48
26,Lexine,Zelland,lzellandp@vimeo.com,Female,68
27,Tedra,Matkin,tmatkinq@godaddy.com,Female,44
28,Othella,Lechelle,olecheller@vimeo.com,Female,45
29,Wendie,Snawdon,wsnawdons@scribd.com,Female,75
30,Cornelius,Slack,cslackt@utexas.edu,Male,70
31,Deane,Suter,dsuteru@timesonline.co.uk,Male,37
32,Byrann,Peggrem,bpeggremv@uol.com.br,Male,48
33,Jaquenetta,Caughan,jcaughanw@freewebs.com,Female,33
34,Angelita,Maliffe,amaliffex@amazon.de,Female,19
35,Parnell,Suero,psueroy@scribd.com,Male,48
36,Alejandrina,Bazeley,abazeleyz@vistaprint.com,Female,77
37,Mano,Monelle,mmonelle10@nasa.gov,Male,55
38,Morten,Tybalt,mtybalt11@npr.org,Male,37
39,Torie,Erricker,terricker12@sciencedirect.com,Female,24
40,Maiga,Vasilov,mvasilov13@com.com,Female,50
41,Gherardo,Orehead,gorehead14@nps.gov,Male,54
42,Dav,Berkley,dberkley15@scribd.com,Male,48
43,Brig,MacMichael,bmacmichael16@wired.com,Male,45
44,Herschel,Shemming,hshemming17@noaa.gov,Male,79
45,Micki,Tupman,mtupman18@cocolog-nifty.com,Female,46
46,Caryl,Balasini,cbalasini19@phoca.cz,Female,52
47,Greer,Holleran,gholleran1a@moonfruit.com,Female,43
48,Welbie,Premble,wpremble1b@biglobe.ne.jp,Male,46
49,Lira,Melley,lmelley1c@cdbaby.com,Female,32
50,Gerhard,Lardiner,glardiner1d@wired.com,Male,35
51,Panchito,Pettipher,ppettipher1e@census.gov,Male,22
52,Royal,Aleksandrikin,raleksandrikin1f@huffingtonpost.com,Male,25
53,Izzy,Willshaw,iwillshaw1g@ifeng.com,Male,42
54,Guinna,Hannon,ghannon1h@si.edu,Female,80
55,Tedman,Eam,team1i@mayoclinic.com,Male,24
56,Eleen,Philippeaux,ephilippeaux1j@hp.com,Female,68
57,Marjie,Kibbey,mkibbey1k@sourceforge.net,Female,64
58,La verne,Dunster,ldunster1l@simplemachines.org,Female,27
59,Hinda,Handscombe,hhandscombe1m@gnu.org,Female,28
60,Blanche,Westoff,bwestoff1n@geocities.com,Female,35
61,Selig,Colyer,scolyer1o@webmd.com,Male,55
62,Dannel,Audry,daudry1p@aboutads.info,Male,64
63,Isa,Simonelli,isimonelli1q@skype.com,Male,72
64,Marcellina,Ebbins,mebbins1r@fema.gov,Female,35
65,Torrance,Rawlence,trawlence1s@va.gov,Male,31
66,Matilde,Knyvett,mknyvett1t@rediff.com,Female,56
67,Jocko,Tinham,jtinham1u@wikimedia.org,Male,75
68,Verla,Brydie,vbrydie1v@ustream.tv,Female,73
69,Linzy,Spitell,lspitell1w@buzzfeed.com,Female,24
70,Bryn,Murrish,bmurrish1x@yandex.ru,Male,27
71,Abagail,Cowen,acowen1y@arstechnica.com,Genderfluid,41
72,Prudi,Aldie,paldie1z@arizona.edu,Genderfluid,47
73,Devan,Merfin,dmerfin20@furl.net,Female,29
74,Jodie,Shew,jshew21@imgur.com,Male,63
75,Kimberley,Stollenhof,kstollenhof22@eepurl.com,Female,18
76,Stu,Dedden,sdedden23@census.gov,Male,51
77,Livvy,Feechum,lfeechum24@answers.com,Female,24
78,Estella,Flippen,eflippen25@amazon.com,Female,42
79,Brinn,Zavattero,bzavattero26@tmall.com,Female,71
80,Hanna,Axford,haxford27@tripod.com,Female,74
81,Brockie,Aldis,baldis28@intel.com,Male,55
82,Rozina,Normandale,rnormandale29@epa.gov,Polygender,65
83,Dana,Sandercock,dsandercock2a@ihg.com,Male,37
84,Remy,Woodrough,rwoodrough2b@census.gov,Female,77
85,Willard,Rawe,wrawe2c@csmonitor.com,Male,21
86,Gwendolin,Le Guin,gleguin2d@so-net.ne.jp,Female,64
87,Merrily,Corday,mcorday2e@vkontakte.ru,Female,76
88,Clarie,Leeds,cleeds2f@unc.edu,Female,77
89,Rosmunda,Cherry,rcherry2g@army.mil,Female,39
90,Wiatt,Lansberry,wlansberry2h@earthlink.net,Non-binary,39
91,Tedra,Rispen,trispen2i@fda.gov,Agender,49
92,Nicolas,Lepper,nlepper2j@washington.edu,Male,73
93,Pierre,O'Dogherty,podogherty2k@cafepress.com,Male,80
94,Hashim,Kordt,hkordt2l@technorati.com,Male,57
95,Estella,Shimmin,eshimmin2m@google.com,Non-binary,78
96,Roslyn,Beales,rbeales2n@example.com,Female,53
97,Ives,Sickamore,isickamore2o@smh.com.au,Male,52
98,Kile,Pughe,kpughe2p@marriott.com,Male,42
99,Shana,Scurr,sscurr2q@furl.net,Female,45
100,Russell,Dormand,rdormand2r@mayoclinic.com,Male,19
101,Larissa,Yablsley,lyablsley2s@a8.net,Female,64
102,Blanche,Lamacraft,blamacraft2t@go.com,Female,30
103,Benedetto,Trewartha,btrewartha2u@dedecms.com,Male,50
104,Jeniece,Duplock,jduplock2v@csmonitor.com,Female,47
105,Ritchie,Getcliff,rgetcliff2w@hao123.com,Male,48
106,Kirk,Thaw,kthaw2x@twitter.com,Male,71
107,Fax,Le Maitre,flemaitre2y@arizona.edu,Male,70
108,Brok,Narbett,bnarbett2z@reuters.com,Male,44
109,Den,Wicher,dwicher30@gov.uk,Male,46
110,Milo,Twentyman,mtwentyman31@g.co,Male,35
111,Zacherie,Pexton,zpexton32@jigsy.com,Male,18
112,Dorree,Chinge de Hals,dchingedehals33@about.com,Polygender,33
113,Lennie,Buckthorp,lbuckthorp34@prweb.com,Male,58
114,Jed,Hateley,jhateley35@aol.com,Male,63
115,Brett,Brugden,bbrugden36@admin.ch,Female,32
116,Eolanda,Canaan,ecanaan37@hibu.com,Female,23
117,Devonne,Iseton,diseton38@uiuc.edu,Female,75
118,Ashlee,Guinan,aguinan39@e-recht24.de,Female,28
119,Bev,McDarmid,bmcdarmid3a@guardian.co.uk,Female,61
120,Jarvis,Hardan,jhardan3b@mozilla.org,Male,25
121,Carolyn,Roubert,croubert3c@studiopress.com,Female,41
122,Vivyanne,Angear,vangear3d@sun.com,Female,21
123,Deerdre,Hartle,dhartle3e@yelp.com,Female,32
124,Caryl,Dagg,cdagg3f@miitbeian.gov.cn,Male,18
125,Xerxes,Woodhouse,xwoodhouse3g@dailymail.co.uk,Male,42
126,Barnie,Dunphie,bdunphie3h@ebay.com,Male,65
127,Domenico,Bolesma,dbolesma3i@prnewswire.com,Male,35
128,Rayner,Peyton,rpeyton3j@craigslist.org,Male,65
129,Darda,Hollow,dhollow3k@godaddy.com,Female,46
130,Johnna,Zoppie,jzoppie3l@xing.com,Female,60
131,Dusty,Staning,dstaning3m@npr.org,Female,52
132,Berny,Waylen,bwaylen3n@usgs.gov,Male,45
133,Ferris,Youdell,fyoudell3o@paginegialle.it,Bigender,69
134,Jack,Dymott,jdymott3p@redcross.org,Male,66
135,Jamaal,Mangan,jmangan3q@fotki.com,Male,38
136,Elane,Hedges,ehedges3r@meetup.com,Female,71
137,Mylo,Bonfield,mbonfield3s@mail.ru,Male,80
138,Caroline,Plummer,cplummer3t@uol.com.br,Female,57
139,Rodge,Doerr,rdoerr3u@sphinn.com,Male,55
140,Jasper,Bainton,jbainton3v@abc.net.au,Male,58
141,Nap,Marousek,nmarousek3w@ucla.edu,Male,52
142,Wake,Strutton,wstrutton3x@sphinn.com,Male,49
143,Carri,Masterman,cmasterman3y@51.la,Female,70
144,Yvon,Riseley,yriseley3z@wikimedia.org,Male,28
145,Sheryl,Hugin,shugin40@myspace.com,Bigender,73
146,Malynda,Pomery,mpomery41@craigslist.org,Female,57
147,Archibold,Barabich,abarabich42@facebook.com,Male,52
148,Leo,Lemerle,llemerle43@archive.org,Male,53
149,Bobbie,Romagosa,bromagosa44@shutterfly.com,Male,75
150,Hastings,Carlucci,hcarlucci45@bandcamp.com,Male,52
151,Carny,Hardbattle,chardbattle46@tamu.edu,Male,42
152,Danny,Peet,dpeet47@un.org,Female,37
153,Jarid,Foux,jfoux48@hhs.gov,Male,46
154,Elwyn,Greenough,egreenough49@studiopress.com,Male,65
155,Lynde,Saunper,lsaunper4a@addtoany.com,Genderqueer,47
156,Shurlock,Burriss,sburriss4b@blog.com,Male,48
157,Lyndsey,Bougourd,lbougourd4c@myspace.com,Female,49
158,Meredithe,Thirlaway,mthirlaway4d@wikispaces.com,Agender,59
159,Dean,Trubshaw,dtrubshaw4e@jigsy.com,Male,27
160,Ber,Shrimptone,bshrimptone4f@house.gov,Male,59
161,Sinclair,Gokes,sgokes4g@cmu.edu,Bigender,25
162,Lu,Becks,lbecks4h@godaddy.com,Female,43
163,Leontine,Shorthill,lshorthill4i@house.gov,Female,18
164,Lucretia,Bale,lbale4j@yahoo.co.jp,Female,53
165,Guglielmo,Grigoroni,ggrigoroni4k@bbb.org,Male,27
166,Grange,Vallance,gvallance4l@php.net,Male,40
167,Alejandro,Mahomet,amahomet4m@un.org,Male,34
168,Francoise,Vassman,fvassman4n@example.com,Female,26
169,Cherie,Riche,criche4o@census.gov,Female,22
170,Emylee,Everist,eeverist4p@istockphoto.com,Female,75
171,Chanda,Montier,cmontier4q@usda.gov,Female,64
172,Goober,Dressel,gdressel4r@elegantthemes.com,Male,45
173,Lowell,Balke,lbalke4s@altervista.org,Male,68
174,Warde,Hullbrook,whullbrook4t@soundcloud.com,Male,32
175,Vaughan,Fewell,vfewell4u@wunderground.com,Male,42
176,Harbert,Faunt,hfaunt4v@studiopress.com,Male,38
177,Claudette,Greenwell,cgreenwell4w@amazon.com,Female,21
178,Merilyn,McShirrie,mmcshirrie4x@ed.gov,Female,29
179,Ulrike,Altimas,ualtimas4y@cafepress.com,Female,36
180,Cammy,Risson,crisson4z@spiegel.de,Male,44
181,Lucio,Rushforth,lrushforth50@technorati.com,Male,32
182,Ephraim,Comins,ecomins51@economist.com,Male,39
183,Gena,Antony,gantony52@harvard.edu,Female,74
184,Harper,Higgonet,hhiggonet53@nymag.com,Polygender,56
185,Flossi,Fibbings,ffibbings54@barnesandnoble.com,Female,60
186,Kira,Canavan,kcanavan55@un.org,Female,61
187,Lyman,Waszczyk,lwaszczyk56@google.com.au,Male,64
188,Jorry,Goldbourn,jgoldbourn57@netscape.com,Female,74
189,Elyssa,Collcott,ecollcott58@buzzfeed.com,Female,63
190,Arlin,Aukland,aaukland59@dagondesign.com,Male,73
191,Lew,Housam,lhousam5a@51.la,Male,72
192,Deirdre,Goodding,dgoodding5b@wikipedia.org,Female,62
193,Burg,Hain,bhain5c@flavors.me,Male,48
194,Mandi,Gummow,mgummow5d@prnewswire.com,Female,48
195,Manya,Swindin,mswindin5e@aboutads.info,Female,51
196,Suzanna,Mundwell,smundwell5f@imageshack.us,Female,71
197,Griz,Saul,gsaul5g@booking.com,Male,54
198,Elvis,Calloway,ecalloway5h@google.ru,Genderfluid,52
199,Kizzie,Hext,khext5i@qq.com,Female,23
200,Lilla,Jacobovitch,ljacobovitch5j@adobe.com,Female,29
201,Nanice,Bradburn,nbradburn5k@seesaa.net,Female,69
202,Borden,Landers,blanders5l@cloudflare.com,Non-binary,30
203,Hedvig,Gibbeson,hgibbeson5m@businessinsider.com,Female,31
204,Chas,Lamberton,clamberton5n@unc.edu,Male,65
205,Heida,Gogerty,hgogerty5o@goo.ne.jp,Female,66
206,Saxon,Calfe,scalfe5p@technorati.com,Male,65
207,Layne,McTague,lmctague5q@123-reg.co.uk,Female,34
208,Inger,Chomley,ichomley5r@blogtalkradio.com,Male,33
209,Clemmie,Waitland,cwaitland5s@redcross.org,Male,49
210,Celine,Jamieson,cjamieson5t@zimbio.com,Female,37
211,Shaylah,Sisse,ssisse5u@sogou.com,Female,23
212,Brok,Bonifant,bbonifant5v@printfriendly.com,Male,18
213,Mattie,Coucha,mcoucha5w@liveinternet.ru,Female,60
214,Ellwood,Erwin,eerwin5x@xrea.com,Male,56
215,Chancey,Sturton,csturton5y@nifty.com,Male,38
216,Trip,Mortel,tmortel5z@google.fr,Male,57
217,Jimmie,Hoyte,jhoyte60@wunderground.com,Male,67
218,Myca,Antonin,mantonin61@google.es,Male,71
219,Spike,Barok,sbarok62@wp.com,Male,25
220,Ernesta,Chatel,echatel63@amazon.co.jp,Female,70
221,Gibbie,Urwen,gurwen64@webeden.co.uk,Male,46
222,Beaufort,Gobert,bgobert65@homestead.com,Male,29
223,Aguste,Benjamin,abenjamin66@de.vu,Male,62
224,Lind,Rymill,lrymill67@ebay.co.uk,Female,50
225,Rube,Giroldi,rgiroldi68@cbc.ca,Male,46
226,Floris,Lovatt,flovatt69@jimdo.com,Female,23
227,Gill,Ambrogetti,gambrogetti6a@fda.gov,Female,50
228,Flemming,More,fmore6b@about.com,Polygender,29
229,Isa,Enstone,ienstone6c@bbb.org,Female,80
230,Shelby,Karchowski,skarchowski6d@tamu.edu,Female,80
231,Petronilla,Ekell,pekell6e@comcast.net,Bigender,80
232,Devy,Shevlan,dshevlan6f@t-online.de,Male,73
233,Annalee,Ancell,aancell6g@auda.org.au,Female,23
234,Amargo,Wildbore,awildbore6h@jalbum.net,Female,66
235,Agnese,Fearnside,afearnside6i@constantcontact.com,Female,75
236,Milt,Bernardot,mbernardot6j@cornell.edu,Male,25
237,Luke,Anneslie,lanneslie6k@t-online.de,Male,80
238,Esther,Clarke,eclarke6l@hibu.com,Female,38
239,Kelcey,Arnaudet,karnaudet6m@shutterfly.com,Female,79
240,Ruthy,McCurdy,rmccurdy6n@smh.com.au,Female,43
241,Matt,Durden,mdurden6o@samsung.com,Male,64
242,Georgy,Kimbling,gkimbling6p@1688.com,Male,24
243,Gertrudis,Egle of Germany,gegleofgermany6q@canalblog.com,Genderfluid,64
244,Raye,Abazi,rabazi6r@washingtonpost.com,Female,34
245,Chilton,Davidove,cdavidove6s@vinaora.com,Male,75
246,Nevile,Braunston,nbraunston6t@umn.edu,Male,75
247,Blakeley,Gerrelts,bgerrelts6u@fc2.com,Female,49
248,Seamus,Lochran,slochran6v@kickstarter.com,Male,31
249,Neda,Hazelgrove,nhazelgrove6w@deviantart.com,Female,76
250,Jack,Karleman,jkarleman6x@xrea.com,Male,30
251,Yorke,Willimont,ywillimont6y@springer.com,Male,63
252,Jamill,Shurrock,jshurrock6z@arizona.edu,Male,78
253,Leroi,Axston,laxston70@marriott.com,Male,27
254,Charlie,Yeats,cyeats71@friendfeed.com,Genderfluid,45
255,Eleanor,Agass,eagass72@examiner.com,Female,69
256,Nanni,Scammell,nscammell73@harvard.edu,Female,79
257,Rosella,Canadine,rcanadine74@simplemachines.org,Female,26
258,Alon,Marchington,amarchington75@simplemachines.org,Male,78
259,Ly,Whaymand,lwhaymand76@google.pl,Male,29
260,Cristen,Olivie,colivie77@dedecms.com,Polygender,23
261,Griselda,Noot,gnoot78@wikia.com,Female,53
262,Sawyer,Wickson,swickson79@geocities.com,Male,70
263,Evey,Pyer,epyer7a@huffingtonpost.com,Female,77
264,Dollie,Pickston,dpickston7b@gnu.org,Female,48
265,Betsey,Yemm,byemm7c@google.nl,Non-binary,37
266,Fanechka,Newbury,fnewbury7d@ftc.gov,Genderqueer,35
267,Sam,Greenhowe,sgreenhowe7e@harvard.edu,Male,71
268,Hughie,Climson,hclimson7f@lulu.com,Male,46
269,Flin,Foote,ffoote7g@cnet.com,Male,59
270,Dominga,Jagiela,djagiela7h@freewebs.com,Female,38
271,Auberon,Macy,amacy7i@ucla.edu,Male,68
272,Audre,Scattergood,ascattergood7j@unc.edu,Genderqueer,38
273,Stevy,Trimby,strimby7k@zdnet.com,Male,76
274,Noni,Fanti,nfanti7l@squarespace.com,Female,52
275,Aluino,Jobling,ajobling7m@php.net,Male,30
276,Jerrold,Godspeede,jgodspeede7n@ft.com,Male,35
277,Florella,Heale,fheale7o@elpais.com,Female,32
278,Geoff,Face,gface7p@deviantart.com,Male,54
279,Angy,Wellard,awellard7q@gizmodo.com,Genderfluid,25
280,Olympia,Marquot,omarquot7r@php.net,Genderqueer,73
281,Kellen,Cargen,kcargen7s@google.pl,Female,77
282,Uriel,Bramhall,ubramhall7t@weibo.com,Male,22
283,Mara,O'Rowane,morowane7u@mediafire.com,Female,50
284,Forrester,Cox,fcox7v@4shared.com,Male,71
285,Francisca,Croxon,fcroxon7w@gmpg.org,Female,62
286,Cheri,Lainton,clainton7x@washingtonpost.com,Female,79
287,Prentice,Gilbanks,pgilbanks7y@rambler.ru,Male,32
288,Ellerey,Rodnight,erodnight7z@cnn.com,Male,52
289,Nadiya,Echallier,nechallier80@yahoo.co.jp,Female,26
290,Honor,Limb,hlimb81@patch.com,Female,41
291,Tiffani,Hassey,thassey82@miitbeian.gov.cn,Female,77
292,Aurelea,Dearlove,adearlove83@google.com.br,Female,78
293,Abbye,Tinmouth,atinmouth84@biglobe.ne.jp,Female,72
294,Beverie,Devenport,bdevenport85@upenn.edu,Female,53
295,Ashby,Jorn,ajorn86@arizona.edu,Male,27
296,Amaleta,Domoni,adomoni87@mashable.com,Female,58
297,Gabi,Berrick,gberrick88@infoseek.co.jp,Male,67
298,Celestyna,Barth,cbarth89@omniture.com,Female,20
299,Lavinie,Critten,lcritten8a@vistaprint.com,Female,23
300,Carlota,Sissland,csissland8b@answers.com,Female,30
301,Micheal,Mendez,mmendez8c@theguardian.com,Male,18
302,Flo,Adriaan,fadriaan8d@businessweek.com,Female,61
303,Huntley,Diggell,hdiggell8e@businessweek.com,Male,76
304,Marley,Launder,mlaunder8f@skype.com,Non-binary,70
305,Horton,Triggs,htriggs8g@netscape.com,Male,68
306,Rogerio,Tallach,rtallach8h@msn.com,Male,35
307,Aldo,Entres,aentres8i@typepad.com,Male,61
308,Herschel,Szymon,hszymon8j@smh.com.au,Male,59
309,Hewie,Dench,hdench8k@cbsnews.com,Male,24
310,Nealy,Gricewood,ngricewood8l@dailymotion.com,Male,31
311,Lauren,Hundall,lhundall8m@google.es,Genderqueer,23
312,Chevy,Quinion,cquinion8n@360.cn,Male,62
313,Arabelle,Yakunchikov,ayakunchikov8o@springer.com,Female,31
314,Georgena,Allanby,gallanby8p@cnet.com,Female,67
315,Roana,Mesant,rmesant8q@dailymotion.com,Female,78
316,Shelden,Monkhouse,smonkhouse8r@typepad.com,Male,46
317,Karlen,Casado,kcasado8s@upenn.edu,Female,79
318,Trefor,Winteringham,twinteringham8t@multiply.com,Male,58
319,Bogey,Bergstram,bbergstram8u@zdnet.com,Male,56
320,Tamera,Pierucci,tpierucci8v@msu.edu,Female,20
321,Elmira,Sands-Allan,esandsallan8w@google.com,Female,36
322,Donn,Kinchley,dkinchley8x@sourceforge.net,Polygender,52
323,Marion,Hovert,mhovert8y@unicef.org,Male,63
324,Petunia,Bernardeau,pbernardeau8z@harvard.edu,Female,24
325,Emili,Abramski,eabramski90@ustream.tv,Female,46
326,Ruby,Swadlin,rswadlin91@sourceforge.net,Female,47
327,Jemimah,Gornal,jgornal92@sfgate.com,Female,75
328,Konstantin,Bowne,kbowne93@dropbox.com,Male,50
329,Frasco,Haistwell,fhaistwell94@bing.com,Male,25
330,Mureil,Urling,murling95@rambler.ru,Female,76
331,Irita,Seel,iseel96@dedecms.com,Female,56
332,Breanne,Schall,bschall97@prnewswire.com,Female,19
333,Clemmie,Binton,cbinton98@mac.com,Bigender,35
334,Mauricio,Lafflina,mlafflina99@columbia.edu,Male,70
335,Amalita,Hinners,ahinners9a@dailymail.co.uk,Female,66
336,Cathleen,Oakman,coakman9b@printfriendly.com,Female,59
337,Clari,Gile,cgile9c@cnn.com,Female,66
338,Elroy,Oram,eoram9d@ow.ly,Male,49
339,Rod,Burnip,rburnip9e@plala.or.jp,Polygender,79
340,Davis,Hinrich,dhinrich9f@china.com.cn,Agender,72
341,Garvey,Halwill,ghalwill9g@amazon.co.jp,Male,46
342,Zitella,Luesley,zluesley9h@weibo.com,Female,30
343,Pris,Peche,ppeche9i@indiatimes.com,Female,21
344,Sandro,Pitblado,spitblado9j@csmonitor.com,Agender,62
345,Teodoro,Ashborn,tashborn9k@uol.com.br,Male,65
346,Alica,Karlicek,akarlicek9l@cam.ac.uk,Female,18
347,Tamqrah,Vautier,tvautier9m@technorati.com,Female,38
348,Rabbi,Malbon,rmalbon9n@whitehouse.gov,Male,46
349,Jobyna,Campey,jcampey9o@dedecms.com,Female,18
350,Ryan,Reekie,rreekie9p@sfgate.com,Male,71
351,Diana,Berndtssen,dberndtssen9q@ucoz.com,Female,23
352,Philomena,Drowsfield,pdrowsfield9r@ustream.tv,Female,62
353,Johny,Huckin,jhuckin9s@nymag.com,Male,78
354,Peggy,Nolleth,pnolleth9t@bbb.org,Non-binary,40
355,Sianna,Usher,susher9u@sogou.com,Female,56
356,Leese,Gaffey,lgaffey9v@mlb.com,Female,49
357,Dayna,Duchan,dduchan9w@youtube.com,Female,37
358,Shirlene,Gue,sgue9x@myspace.com,Female,71
359,Minetta,Tookey,mtookey9y@geocities.com,Female,32
360,Marjy,Appleton,mappleton9z@theguardian.com,Female,47
361,Marcela,Heatherington,mheatheringtona0@sphinn.com,Female,72
362,Costanza,Splain,csplaina1@cam.ac.uk,Female,67
363,Kirk,Sennett,ksennetta2@netvibes.com,Male,75
364,Florry,Yanele,fyanelea3@cbc.ca,Female,58
365,Ajay,Bakeup,abakeupa4@amazon.com,Female,45
366,April,Finker,afinkera5@myspace.com,Non-binary,52
367,Dell,Pedrick,dpedricka6@sfgate.com,Female,31
368,Carson,Braycotton,cbraycottona7@harvard.edu,Male,73
369,Lucilia,Chanter,lchantera8@nasa.gov,Female,63
370,Worden,Duffy,wduffya9@google.ca,Male,66
371,Van,Bleue,vbleueaa@macromedia.com,Female,44
372,Charlie,Perkins,cperkinsab@live.com,Male,32
373,Kaitlin,Kunes,kkunesac@disqus.com,Female,49
374,Alaine,Eustace,aeustacead@howstuffworks.com,Female,25
375,Robyn,Gillman,rgillmanae@squidoo.com,Female,31
376,Tiffanie,Hofton,thoftonaf@sbwire.com,Polygender,57
377,Nelle,Fairholm,nfairholmag@nhs.uk,Female,71
378,Derby,Capes,dcapesah@sohu.com,Male,50
379,Clayborn,MacShirie,cmacshirieai@imdb.com,Male,65
380,Candida,Perkis,cperkisaj@yolasite.com,Female,72
381,Garvin,Wohler,gwohlerak@tumblr.com,Male,29
382,Cookie,McIlwraith,cmcilwraithal@goodreads.com,Agender,26
383,Allayne,Wallenger,awallengeram@sphinn.com,Male,64
384,Arty,Pipping,apippingan@ihg.com,Male,54
385,Shurlocke,Petrolli,spetrolliao@weibo.com,Male,45
386,Dusty,Lafee,dlafeeap@ifeng.com,Female,48
387,Harp,Bon,hbonaq@epa.gov,Male,30
388,Corry,Roycroft,croycroftar@oakley.com,Female,65
389,Klemens,Swiffan,kswiffanas@dot.gov,Male,34
390,Rodrique,Hambleton,rhambletonat@icq.com,Male,20
391,Andres,Novill,anovillau@omniture.com,Male,26
392,Crista,Etchell,cetchellav@reference.com,Female,37
393,Jourdan,Scawen,jscawenaw@census.gov,Female,64
394,Eben,Matokhnin,ematokhninax@twitpic.com,Male,61
395,Adi,Dungate,adungateay@g.co,Female,80
396,Joelie,Gomar,jgomaraz@moonfruit.com,Female,33
397,Nikolai,Morby,nmorbyb0@eepurl.com,Male,41
398,Giustino,Lodevick,glodevickb1@guardian.co.uk,Male,26
399,Othella,Surr,osurrb2@aol.com,Female,77
400,Terrence,Borres,tborresb3@princeton.edu,Male,65
401,Pascal,Rippingall,prippingallb4@biglobe.ne.jp,Male,25
402,Tomi,Hazelhurst,thazelhurstb5@home.pl,Female,37
403,Mathian,Giddons,mgiddonsb6@jimdo.com,Male,47
404,Nora,Mandry,nmandryb7@rediff.com,Female,68
405,Dew,Huguenet,dhuguenetb8@ebay.com,Male,33
406,Calvin,Nell,cnellb9@nifty.com,Male,39
407,Emalee,Strapp,estrappba@google.ru,Female,33
408,Ajay,Darke,adarkebb@dot.gov,Female,25
409,Oberon,Sudron,osudronbc@fastcompany.com,Male,35
410,Tades,Pattemore,tpattemorebd@nba.com,Agender,73
411,Velma,Heisman,vheismanbe@unesco.org,Female,32
412,Jessie,Rait,jraitbf@who.int,Male,57
413,Andre,Benet,abenetbg@trellian.com,Male,36
414,Gian,Fairlaw,gfairlawbh@sina.com.cn,Male,59
415,Aidan,Rutherford,arutherfordbi@wsj.com,Genderqueer,77
416,Robinet,Viall,rviallbj@hhs.gov,Male,33
417,Elset,Guyan,eguyanbk@free.fr,Female,29
418,Isadore,Wickey,iwickeybl@mtv.com,Male,44
419,Carrissa,Tallman,ctallmanbm@cbsnews.com,Female,53
420,Antin,Abraham,aabrahambn@cnet.com,Male,38
421,Frederigo,Vennard,fvennardbo@plala.or.jp,Male,45
422,Elysha,Larvor,elarvorbp@yelp.com,Female,21
423,Bel,Kolodziejski,bkolodziejskibq@hud.gov,Female,22
424,Adolph,Asple,aasplebr@goo.gl,Male,53
425,Loy,Weinmann,lweinmannbs@seattletimes.com,Male,36
426,Frankie,Rossborough,frossboroughbt@infoseek.co.jp,Female,48
427,Anitra,Cassella,acassellabu@wsj.com,Female,40
428,Harman,Kull,hkullbv@amazon.co.jp,Male,74
429,Remington,Lamplugh,rlamplughbw@biblegateway.com,Male,26
430,Dee dee,Falshaw,dfalshawbx@histats.com,Agender,24
431,Glynda,Bunclark,gbunclarkby@ebay.co.uk,Female,75
432,Vance,Pinney,vpinneybz@sogou.com,Male,52
433,Andie,Brome,abromec0@aboutads.info,Male,61
434,Lesley,Shenfisch,lshenfischc1@dot.gov,Male,79
435,Baudoin,Lugg,bluggc2@dailymotion.com,Male,49
436,Coraline,Gerardeaux,cgerardeauxc3@wikia.com,Female,22
437,Rhody,Andrassy,randrassyc4@hud.gov,Female,74
438,Gwenore,Took,gtookc5@netlog.com,Female,75
439,Maryjane,Bugg,mbuggc6@blogspot.com,Female,36
440,Maddy,Ransom,mransomc7@wufoo.com,Male,75
441,Clara,Ravillas,cravillasc8@jugem.jp,Female,60
442,Ario,O'Donegan,aodoneganc9@yale.edu,Male,25
443,Rockie,Conlon,rconlonca@over-blog.com,Male,54
444,Selig,Clibbery,sclibberycb@spotify.com,Male,67
445,Marty,Monteath,mmonteathcc@csmonitor.com,Female,80
446,Der,de Cullip,ddecullipcd@blinklist.com,Male,63
447,Adamo,Hodgets,ahodgetsce@house.gov,Male,28
448,Giulietta,Raffeorty,graffeortycf@homestead.com,Female,67
449,Bastian,Wrennall,bwrennallcg@patch.com,Male,47
450,Dame,Sherlock,dsherlockch@i2i.jp,Male,31
451,Sonya,Neumann,sneumannci@quantcast.com,Female,27
452,Hildy,Twyning,htwyningcj@mac.com,Female,72
453,Shandra,Klazenga,sklazengack@arstechnica.com,Non-binary,33
454,Romonda,Dellow,rdellowcl@sfgate.com,Non-binary,28
455,Lanae,Burras,lburrascm@uol.com.br,Female,20
456,Abran,Gullyes,agullyescn@cloudflare.com,Male,19
457,Fleurette,Vinau,fvinauco@sohu.com,Female,53
458,Wallas,Robelow,wrobelowcp@examiner.com,Male,37
459,Graeme,Maude,gmaudecq@taobao.com,Male,80
460,Barry,Andrichuk,bandrichukcr@shutterfly.com,Male,49
461,Kevan,Cowpe,kcowpecs@about.me,Male,78
462,Lynde,Barrows,lbarrowsct@xrea.com,Female,64
463,Lyell,Wraight,lwraightcu@blinklist.com,Male,41
464,Melissa,Keher,mkehercv@foxnews.com,Female,30
465,Paige,Pebworth,ppebworthcw@thetimes.co.uk,Male,21
466,Wilhelmina,Dominik,wdominikcx@a8.net,Female,22
467,Ladonna,Grew,lgrewcy@chronoengine.com,Female,53
468,Randolf,Arndtsen,rarndtsencz@dagondesign.com,Agender,42
469,Bax,Bummfrey,bbummfreyd0@addthis.com,Male,60
470,Ham,Petrolli,hpetrollid1@archive.org,Male,34
471,Early,Jindrak,ejindrakd2@salon.com,Male,79
472,Roscoe,Costello,rcostellod3@usa.gov,Male,75
473,Shepperd,Perrottet,sperrottetd4@xrea.com,Genderqueer,62
474,Corbet,Lente,clented5@alexa.com,Male,79
475,Maudie,Burchett,mburchettd6@slideshare.net,Female,70
476,Leslie,Glennon,lglennond7@cmu.edu,Male,32
477,Taryn,Estcot,testcotd8@amazon.com,Female,59
478,Abraham,Ivanilov,aivanilovd9@istockphoto.com,Male,40
479,Salomi,Whitecross,swhitecrossda@hao123.com,Female,66
480,Darb,Matteau,dmatteaudb@edublogs.org,Female,42
481,Weylin,Kendell,wkendelldc@jalbum.net,Male,55
482,Webster,Moir,wmoirdd@yellowpages.com,Male,75
483,Christen,Lukasik,clukasikde@omniture.com,Female,59
484,Vonni,Igo,vigodf@goodreads.com,Female,71
485,Hamlen,Halahan,hhalahandg@blogger.com,Male,41
486,Emory,Dalrymple,edalrympledh@4shared.com,Non-binary,77
487,Caty,Belward,cbelwarddi@instagram.com,Female,24
488,Howie,Lambarth,hlambarthdj@prnewswire.com,Male,67
489,Penny,Geertsen,pgeertsendk@sciencedaily.com,Female,40
490,Eziechiele,MacVagh,emacvaghdl@rambler.ru,Male,38
491,Ginelle,Hillin,ghillindm@patch.com,Female,57
492,Denver,Yanuk,dyanukdn@accuweather.com,Male,40
493,Drusy,Halgarth,dhalgarthdo@elpais.com,Female,68
494,Dosi,Canlin,dcanlindp@abc.net.au,Female,44
495,Hobard,McRill,hmcrilldq@freewebs.com,Male,51
496,Robinson,Pendlington,rpendlingtondr@plala.or.jp,Male,50
497,Lin,Pothecary,lpothecaryds@earthlink.net,Female,80
498,Brana,Cotterrill,bcotterrilldt@dell.com,Female,63
499,Alasteir,Grichukhin,agrichukhindu@tuttocitta.it,Male,79
500,Basile,Bolan,bbolandv@ucoz.com,Male,39
501,Melessa,Raith,mraithdw@ycombinator.com,Female,25
502,Essy,Yepiskov,eyepiskovdx@xing.com,Female,51
503,Wood,Cheatle,wcheatledy@virginia.edu,Male,52
504,Abby,Farman,afarmandz@redcross.org,Male,43
505,Town,Griswaite,tgriswaitee0@amazon.co.uk,Male,21
506,Dotty,Shilvock,dshilvocke1@abc.net.au,Female,25
507,Basia,Chowne,bchownee2@icq.com,Agender,24
508,Donovan,Parlor,dparlore3@edublogs.org,Genderfluid,21
509,Ferrell,Peebles,fpeeblese4@theguardian.com,Male,78
510,Elicia,Dummer,edummere5@acquirethisname.com,Female,53
511,Flem,Nesby,fnesbye6@trellian.com,Male,55
512,Delphine,Narraway,dnarrawaye7@google.pl,Female,24
513,Jonah,Budd,jbudde8@acquirethisname.com,Male,52
514,Maxy,Napoleon,mnapoleone9@amazonaws.com,Male,80
515,Valerye,Checchi,vchecchiea@hao123.com,Female,48
516,Franky,Deguara,fdeguaraeb@multiply.com,Female,61
517,Jo,Gilbride,jgilbrideec@redcross.org,Male,45
518,Ring,Rubie,rrubieed@answers.com,Male,60
519,Carolyne,Tarquini,ctarquiniee@flavors.me,Female,80
520,Keene,Rowlett,krowlettef@stanford.edu,Male,38
521,Palm,Tarry,ptarryeg@sfgate.com,Male,46
522,Wain,Sandbatch,wsandbatcheh@pagesperso-orange.fr,Male,69
523,Delano,Lavis,dlavisei@answers.com,Polygender,47
524,Perri,Greig,pgreigej@xinhuanet.com,Female,71
525,Glyn,Dureden,gduredenek@mac.com,Male,32
526,Georges,Skeel,gskeelel@businessweek.com,Male,67
527,Elizabeth,Dashkov,edashkovem@technorati.com,Female,55
528,Lucas,Menezes,lmenezesen@dyndns.org,Male,75
529,Evan,Winsome,ewinsomeeo@archive.org,Male,72
530,Jessey,Keenor,jkeenorep@jiathis.com,Male,35
531,Ian,Seathwright,iseathwrighteq@imageshack.us,Male,65
532,Edgard,Poland,epolander@umich.edu,Male,71
533,Carl,Knudsen,cknudsenes@foxnews.com,Non-binary,76
534,Kenyon,Coche,kcocheet@sina.com.cn,Male,33
535,Berry,Wynch,bwyncheu@google.com.hk,Female,69
536,Jacky,Windley,jwindleyev@tmall.com,Female,32
537,Jerrold,Moff,jmoffew@barnesandnoble.com,Male,78
538,Romy,Satyford,rsatyfordex@mozilla.org,Female,33
539,Carole,Service,cserviceey@vinaora.com,Agender,66
540,Auberta,Braddock,abraddockez@list-manage.com,Female,50
541,Kermy,Wagstaff,kwagstafff0@bloglovin.com,Male,71
542,Ines,Beville,ibevillef1@noaa.gov,Female,66
543,Renado,Leisman,rleismanf2@flavors.me,Male,19
544,Sharona,Lardiner,slardinerf3@tiny.cc,Female,29
545,Darrell,Colliard,dcolliardf4@vinaora.com,Male,41
546,Chadwick,Damrel,cdamrelf5@mashable.com,Male,52
547,Emmeline,MacDermand,emacdermandf6@accuweather.com,Female,19
548,Fiona,Inglesfield,finglesfieldf7@creativecommons.org,Female,43
549,Ermentrude,Rawe,erawef8@weather.com,Female,20
550,Caspar,MacDonnell,cmacdonnellf9@tripod.com,Male,54
551,Joshia,Ridgwell,jridgwellfa@topsy.com,Male,71
552,Gustie,Lapping,glappingfb@ow.ly,Female,71
553,Riane,Honnicott,rhonnicottfc@webnode.com,Female,55
554,Alfie,Otto,aottofd@pen.io,Male,46
555,Tiffanie,Dury,tduryfe@amazon.com,Female,29
556,Renate,Atthowe,ratthoweff@blogs.com,Female,68
557,Loraine,Badder,lbadderfg@yale.edu,Female,23
558,Nevil,Learned,nlearnedfh@nhs.uk,Male,62
559,Bendick,Medlicott,bmedlicottfi@accuweather.com,Male,36
560,Corly,Darnell,cdarnellfj@ox.ac.uk,Female,71
561,Benn,Eastby,beastbyfk@xing.com,Male,65
562,Dennis,Stanley,dstanleyfl@cnn.com,Male,35
563,Lynea,Pinniger,lpinnigerfm@princeton.edu,Female,41
564,Estell,Trimming,etrimmingfn@businesswire.com,Female,28
565,Jacintha,Adriaan,jadriaanfo@omniture.com,Female,39
566,Tanitansy,Pabelik,tpabelikfp@comcast.net,Female,24
567,Corine,Beretta,cberettafq@amazonaws.com,Polygender,52
568,Chelsae,Thorneloe,cthorneloefr@cbc.ca,Agender,59
569,Gallard,Northgraves,gnorthgravesfs@nytimes.com,Male,52
570,Charmain,Tomblett,ctomblettft@youku.com,Female,36
571,Celestina,Pickthall,cpickthallfu@joomla.org,Female,55
572,Arin,Swale,aswalefv@uol.com.br,Male,52
573,Samuele,Clelland,sclellandfw@google.com.br,Male,60
574,Dell,Roblou,drobloufx@patch.com,Male,79
575,Molli,Randle,mrandlefy@desdev.cn,Female,78
576,Sydney,Boath,sboathfz@noaa.gov,Female,56
577,Billie,Giron,bgirong0@linkedin.com,Female,40
578,Genia,Conant,gconantg1@icq.com,Female,24
579,Morganne,Basile,mbasileg2@redcross.org,Bigender,24
580,Regine,Caron,rcarong3@msu.edu,Female,53
581,Barbette,Dorran,bdorrang4@epa.gov,Female,24
582,Kaile,Heatherington,kheatheringtong5@bbc.co.uk,Female,77
583,Shane,Burner,sburnerg6@buzzfeed.com,Female,67
584,Dwight,Peele,dpeeleg7@ow.ly,Male,79
585,Codee,De Vries,cdevriesg8@storify.com,Female,80
586,Sawyer,Muehle,smuehleg9@phpbb.com,Male,26
587,Kesley,Vaisey,kvaiseyga@phpbb.com,Female,34
588,Larina,Faires,lfairesgb@theatlantic.com,Female,77
589,Batholomew,McAllen,bmcallengc@prlog.org,Male,78
590,Berty,Leask,bleaskgd@cisco.com,Female,56
591,Tyler,Pastor,tpastorge@ezinearticles.com,Male,30
592,Augie,Prandoni,aprandonigf@unicef.org,Bigender,41
593,Gran,Prydden,gpryddengg@dyndns.org,Male,57
594,Ronica,Meneux,rmeneuxgh@multiply.com,Female,59
595,Caleb,de Voiels,cdevoielsgi@china.com.cn,Male,73
596,Filmore,Aubery,fauberygj@cdbaby.com,Male,25
597,Dorette,Hrinchishin,dhrinchishingk@ocn.ne.jp,Female,36
598,Portia,Dulen,pdulengl@latimes.com,Female,28
599,Lane,Soames,lsoamesgm@usda.gov,Female,23
600,Wyatan,Dolan,wdolangn@army.mil,Genderfluid,57
601,Omero,Itzkovwich,oitzkovwichgo@alibaba.com,Non-binary,74
602,Mano,Linwood,mlinwoodgp@yandex.ru,Male,58
603,Annette,Lambeth,alambethgq@sohu.com,Bigender,26
604,Mariele,Jozsika,mjozsikagr@cornell.edu,Agender,80
605,Faustine,Duddell,fduddellgs@intel.com,Agender,38
606,Shamus,Yandell,syandellgt@prweb.com,Male,35
607,Skippy,O Sullivan,sosullivangu@theglobeandmail.com,Male,77
608,Locke,Hasnip,lhasnipgv@admin.ch,Non-binary,79
609,Percy,Carrier,pcarriergw@squarespace.com,Male,42
610,Benoite,Wendover,bwendovergx@amazon.com,Female,74
611,Barty,Genn,bgenngy@nyu.edu,Male,22
612,Halli,Savill,hsavillgz@gizmodo.com,Female,70
613,Mylo,Breakey,mbreakeyh0@blogtalkradio.com,Male,73
614,Keefer,Verry,kverryh1@boston.com,Male,78
615,Christine,Gallant,cgallanth2@rambler.ru,Female,55
616,Chere,Prinne,cprinneh3@sbwire.com,Female,56
617,Pippo,Lardner,plardnerh4@amazon.co.uk,Male,27
618,Micah,Anstie,manstieh5@sciencedirect.com,Bigender,49
619,Bryanty,Edgeworth,bedgeworthh6@census.gov,Male,47
620,Selinda,Gillino,sgillinoh7@newyorker.com,Female,47
621,Griffie,Ballefant,gballefanth8@webnode.com,Male,26
622,Lindsy,Desesquelle,ldesesquelleh9@pbs.org,Female,62
623,Maisey,Scurry,mscurryha@cornell.edu,Female,75
624,Eugine,Marquot,emarquothb@bbb.org,Female,73
625,Emanuel,Sevin,esevinhc@feedburner.com,Male,40
626,Katharine,Romanin,kromaninhd@ehow.com,Female,21
627,Ambros,Burniston,aburnistonhe@shutterfly.com,Male,73
628,Melicent,Beverstock,mbeverstockhf@qq.com,Female,30
629,Loleta,Philpault,lphilpaulthg@cbc.ca,Non-binary,37
630,Morly,Siderfin,msiderfinhh@delicious.com,Male,79
631,Germaine,Sidary,gsidaryhi@geocities.com,Male,24
632,Fair,Lannin,flanninhj@t-online.de,Male,73
633,Franciska,Glanville,fglanvillehk@virginia.edu,Female,60
634,Josephine,Verlander,jverlanderhl@cocolog-nifty.com,Genderfluid,72
635,Toddy,Sacher,tsacherhm@statcounter.com,Non-binary,64
636,Town,Moukes,tmoukeshn@photobucket.com,Male,62
637,Anson,Smythin,asmythinho@webs.com,Male,31
638,Salomon,Lorenzetti,slorenzettihp@salon.com,Male,45
639,Murry,Exrol,mexrolhq@surveymonkey.com,Male,58
640,Ernestine,Brasener,ebrasenerhr@dedecms.com,Female,52
641,Abbe,Fillis,afillishs@aboutads.info,Female,60
642,Itch,Laverick,ilaverickht@yale.edu,Male,80
643,Lauri,Josselson,ljosselsonhu@blogs.com,Female,44
644,Lexi,Waymont,lwaymonthv@ezinearticles.com,Female,65
645,Naoma,Whitwham,nwhitwhamhw@statcounter.com,Polygender,58
646,Cris,Burges,cburgeshx@typepad.com,Male,20
647,Birk,Pergens,bpergenshy@telegraph.co.uk,Male,71
648,Leah,Verbruggen,lverbruggenhz@storify.com,Female,34
649,Jolee,Schuricke,jschurickei0@youtu.be,Female,59
650,Byron,Crus,bcrusi1@walmart.com,Male,41
651,Gayel,Purrier,gpurrieri2@cdbaby.com,Female,46
652,Margalit,Phare,mpharei3@clickbank.net,Female,73
653,Halley,Sweedy,hsweedyi4@nsw.gov.au,Female,46
654,Dalila,Woodyeare,dwoodyearei5@oracle.com,Female,32
655,Johnathon,Dornin,jdornini6@whitehouse.gov,Male,21
656,Gertie,McCreath,gmccreathi7@netscape.com,Female,69
657,Reynard,deKnevet,rdekneveti8@hp.com,Male,53
658,Adams,Renols,arenolsi9@phoca.cz,Male,73
659,Hershel,Hebbs,hhebbsia@discovery.com,Male,22
660,Clary,Yurikov,cyurikovib@purevolume.com,Female,30
661,Malvin,Bedle,mbedleic@arstechnica.com,Male,47
662,Sherrie,Bonnaire,sbonnaireid@ehow.com,Female,64
663,Lotta,Matusov,lmatusovie@bing.com,Female,73
664,Twila,Brazelton,tbrazeltonif@blogs.com,Female,51
665,Shandeigh,Peachman,speachmanig@naver.com,Genderfluid,70
666,Maynord,Talbot,mtalbotih@nbcnews.com,Male,53
667,Turner,Sabatini,tsabatiniii@imgur.com,Male,66
668,Cchaddie,Beckles,cbecklesij@usatoday.com,Male,36
669,Gerhard,Ivanenko,givanenkoik@nba.com,Male,70
670,Dwain,Crain,dcrainil@smh.com.au,Male,51
671,Glen,Donan,gdonanim@columbia.edu,Agender,25
672,Lorilyn,Cameron,lcameronin@cpanel.net,Female,61
673,Beale,Vegas,bvegasio@theatlantic.com,Male,72
674,Janeta,Rhymer,jrhymerip@clickbank.net,Female,33
675,Fabien,McCourt,fmccourtiq@economist.com,Male,19
676,Staford,Fayerbrother,sfayerbrotherir@prlog.org,Male,18
677,Jerrie,Raynard,jraynardis@google.ca,Female,26
678,Rina,Weaben,rweabenit@purevolume.com,Female,18
679,Jonis,Hugin,jhuginiu@bloglines.com,Female,65
680,Shelly,Simester,ssimesteriv@spotify.com,Agender,31
681,Ingaberg,Rotlauf,irotlaufiw@networksolutions.com,Genderqueer,18
682,Patrice,Aucott,paucottix@pinterest.com,Female,70
683,Valle,Muzzini,vmuzziniiy@miitbeian.gov.cn,Male,51
684,Jo-ann,Poser,jposeriz@cpanel.net,Female,29
685,Quintin,Rubinowitch,qrubinowitchj0@weather.com,Male,75
686,Carlos,Bonevant,cbonevantj1@chicagotribune.com,Non-binary,75
687,Babs,Clere,bclerej2@blogs.com,Polygender,24
688,Hayyim,Blaschke,hblaschkej3@amazon.com,Male,73
689,Jenelle,Hazelgreave,jhazelgreavej4@networksolutions.com,Female,77
690,Hildegaard,McMullen,hmcmullenj5@opensource.org,Female,51
691,Cordey,Gorelli,cgorellij6@walmart.com,Female,42
692,Xenia,Goosey,xgooseyj7@gravatar.com,Female,47
693,Josefina,Phethean,jphetheanj8@ehow.com,Female,80
694,Willette,Guiot,wguiotj9@ihg.com,Female,23
695,Tommie,Marcoolyn,tmarcoolynja@meetup.com,Male,73
696,Shane,Trathen,strathenjb@google.cn,Male,73
697,Delbert,Barradell,dbarradelljc@biblegateway.com,Male,52
698,Preston,Vittery,pvitteryjd@microsoft.com,Male,77
699,Selie,Dymond,sdymondje@issuu.com,Female,39
700,Daune,Heibel,dheibeljf@yellowpages.com,Female,77
701,Zora,Dowse,zdowsejg@usa.gov,Female,60
702,Francklyn,Morales,fmoralesjh@whitehouse.gov,Male,63
703,Deena,Bickford,dbickfordji@canalblog.com,Female,21
704,Merrili,Dand,mdandjj@bigcartel.com,Female,55
705,Saw,Reburn,sreburnjk@google.pl,Male,49
706,Kenneth,Lowle,klowlejl@blogtalkradio.com,Male,38
707,Gaylor,Dionsetto,gdionsettojm@goo.ne.jp,Male,29
708,Raven,Dunley,rdunleyjn@artisteer.com,Female,70
709,Carroll,Leedal,cleedaljo@topsy.com,Agender,41
710,Alyss,Russel,arusseljp@ebay.co.uk,Female,36
711,Magnum,Sitford,msitfordjq@gnu.org,Male,77
712,Darcee,Chess,dchessjr@shutterfly.com,Female,53
713,Sharl,Brogini,sbroginijs@mail.ru,Female,74
714,Simonne,Hawkyens,shawkyensjt@scientificamerican.com,Female,40
715,Marga,Phillipson,mphillipsonju@icio.us,Female,70
716,Lanni,Connerry,lconnerryjv@google.com.au,Female,78
717,Sharline,Gummoe,sgummoejw@shinystat.com,Genderfluid,69
718,Jorgan,McGinnell,jmcginnelljx@furl.net,Genderfluid,79
719,Eugenia,Winnister,ewinnisterjy@nsw.gov.au,Female,62
720,Walton,Defond,wdefondjz@va.gov,Male,39
721,Ortensia,Knotton,oknottonk0@zimbio.com,Female,67
722,Teressa,Gillease,tgilleasek1@nba.com,Female,54
723,Heddie,Tarquinio,htarquiniok2@ucoz.com,Female,78
724,Caty,Puckrin,cpuckrink3@twitpic.com,Female,24
725,Margot,Brehault,mbrehaultk4@vinaora.com,Polygender,71
726,Anatola,McPhaden,amcphadenk5@cpanel.net,Female,43
727,Kacie,Jebb,kjebbk6@bloglovin.com,Female,23
728,Brandy,Hugin,bhugink7@sitemeter.com,Polygender,22
729,Selig,Smeuin,ssmeuink8@reference.com,Male,45
730,Neely,MacNab,nmacnabk9@jiathis.com,Female,37
731,Antony,Furtado,afurtadoka@miitbeian.gov.cn,Male,55
732,Terrill,Shuttleworth,tshuttleworthkb@bluehost.com,Male,34
733,Farly,Odby,fodbykc@over-blog.com,Male,20
734,Ethan,Winter,ewinterkd@sakura.ne.jp,Agender,70
735,Nessie,Kilfether,nkilfetherke@irs.gov,Female,25
736,Edmon,Gaveltone,egaveltonekf@answers.com,Male,80
737,Sidnee,Wallsam,swallsamkg@mlb.com,Male,61
738,Kelvin,Extal,kextalkh@multiply.com,Male,48
739,Bart,Chinnick,bchinnickki@ameblo.jp,Male,72
740,Gannie,Weems,gweemskj@wikimedia.org,Male,44
741,Stan,Moine,smoinekk@sogou.com,Male,48
742,Eunice,De Francisci,edefranciscikl@yelp.com,Female,65
743,Jarrid,Foucard,jfoucardkm@is.gd,Male,25
744,Adrienne,Almak,aalmakkn@mediafire.com,Bigender,43
745,Lenette,Emma,lemmako@google.nl,Female,34
746,Christine,Sirey,csireykp@ed.gov,Non-binary,20
747,Monty,Concannon,mconcannonkq@artisteer.com,Male,50
748,Della,Duquesnay,dduquesnaykr@fastcompany.com,Female,72
749,Costanza,Barhems,cbarhemsks@pen.io,Female,34
750,Brnaby,O'Garmen,bogarmenkt@independent.co.uk,Male,62
751,James,Iwanowicz,jiwanowiczku@nature.com,Male,54
752,Wolfy,Andrzejak,wandrzejakkv@sciencedirect.com,Male,31
753,Caria,Marchiso,cmarchisokw@studiopress.com,Female,42
754,Zarla,Lamplough,zlamploughkx@bigcartel.com,Female,75
755,Dorey,Oliva,dolivaky@amazonaws.com,Male,51
756,Iggie,Buick,ibuickkz@ehow.com,Male,39
757,Wyndham,Jeandon,wjeandonl0@marriott.com,Genderqueer,28
758,Elianora,Crew,ecrewl1@linkedin.com,Female,37
759,Sullivan,Wayon,swayonl2@youtu.be,Male,57
760,Noby,Cheale,nchealel3@mediafire.com,Male,29
761,Tomasine,Georgeot,tgeorgeotl4@reuters.com,Polygender,32
762,Thayne,Crolly,tcrollyl5@rediff.com,Male,19
763,Lindy,Charle,lcharlel6@ucoz.ru,Male,57
764,Michele,Lello,mlellol7@paypal.com,Female,58
765,Allys,Kleyn,akleynl8@businessweek.com,Female,67
766,Mort,Wilsdon,mwilsdonl9@reuters.com,Male,68
767,Albie,Kryszka,akryszkala@about.com,Male,47
768,Nicolais,Sergent,nsergentlb@quantcast.com,Male,77
769,Maye,Scottrell,mscottrelllc@shareasale.com,Female,79
770,Chicky,Fanning,cfanningld@clickbank.net,Female,51
771,Lexie,Kerfut,lkerfutle@huffingtonpost.com,Female,44
772,Vite,Axel,vaxellf@wikimedia.org,Male,53
773,Netti,Yaneev,nyaneevlg@multiply.com,Female,58
774,Pincas,Munton,pmuntonlh@redcross.org,Male,20
775,Kylie,Aleksankin,kaleksankinli@desdev.cn,Bigender,57
776,Keriann,Humble,khumblelj@whitehouse.gov,Female,56
777,Shay,Earsman,searsmanlk@theglobeandmail.com,Male,53
778,Laurence,Clemens,lclemensll@microsoft.com,Male,65
779,Arvie,Bousquet,abousquetlm@unc.edu,Male,22
780,Jere,Djurkovic,jdjurkovicln@npr.org,Female,31
781,Dimitry,Grumley,dgrumleylo@instagram.com,Male,79
782,Nickey,Dubois,nduboislp@google.co.uk,Male,64
783,Tiler,Antonio,tantoniolq@rakuten.co.jp,Male,30
784,Melonie,Fabbri,mfabbrilr@ihg.com,Female,66
785,Jermaine,Stuehmeier,jstuehmeierls@rediff.com,Female,78
786,Tobit,Dunan,tdunanlt@nba.com,Male,60
787,Arlan,Allchorn,aallchornlu@freewebs.com,Male,58
788,Ernestus,Fiddeman,efiddemanlv@va.gov,Male,25
789,Sophey,Kearsley,skearsleylw@dedecms.com,Agender,76
790,Seumas,Lubeck,slubecklx@cafepress.com,Bigender,39
791,Jerald,Curnow,jcurnowly@constantcontact.com,Male,59
792,Johann,McInnerny,jmcinnernylz@e-recht24.de,Bigender,47
793,Juliann,Slaten,jslatenm0@ibm.com,Female,18
794,Harriet,Buckby,hbuckbym1@sbwire.com,Female,35
795,Sande,Spittall,sspittallm2@japanpost.jp,Female,47
796,Adelaida,Sackett,asackettm3@webnode.com,Bigender,31
797,Wang,MacGuiness,wmacguinessm4@sohu.com,Male,55
798,Archibald,Devanney,adevanneym5@theguardian.com,Male,37
799,Lauren,Locksley,llocksleym6@webeden.co.uk,Male,39
800,Isahella,Geeson,igeesonm7@about.com,Female,75
801,Hilly,Britch,hbritchm8@sakura.ne.jp,Non-binary,48
802,Pepito,Sharpous,psharpousm9@cocolog-nifty.com,Male,22
803,Thorin,Barg,tbargma@google.co.jp,Male,63
804,Merry,Beckerleg,mbeckerlegmb@360.cn,Female,23
805,Gasparo,Lobley,globleymc@webeden.co.uk,Male,25
806,Finn,Cowely,fcowelymd@bigcartel.com,Male,67
807,Hobart,Aseef,haseefme@tiny.cc,Male,71
808,Barbaraanne,Borrie,bborriemf@tiny.cc,Female,69
809,Lenette,Kirkbright,lkirkbrightmg@google.ru,Female,54
810,Melisandra,Hayesman,mhayesmanmh@techcrunch.com,Genderfluid,47
811,Darcey,Picker,dpickermi@github.com,Female,19
812,Marlow,Boakes,mboakesmj@photobucket.com,Male,26
813,Huntley,Gregoraci,hgregoracimk@apple.com,Male,49
814,Bertie,Laxson,blaxsonml@mtv.com,Male,47
815,Prissie,de la Valette Parisot,pdelavaletteparisotmm@symantec.com,Bigender,36
816,Dasya,Adger,dadgermn@techcrunch.com,Female,21
817,Lyon,Spilstead,lspilsteadmo@adobe.com,Male,44
818,Farr,Osgorby,fosgorbymp@indiegogo.com,Male,67
819,Stanfield,Breazeall,sbreazeallmq@myspace.com,Male,72
820,Justino,Wordsley,jwordsleymr@prweb.com,Polygender,63
821,Budd,Yukhnin,byukhninms@loc.gov,Male,46
822,Brianne,Mara,bmaramt@ezinearticles.com,Female,68
823,Rickie,Wheelton,rwheeltonmu@cbsnews.com,Female,56
824,Penn,Leah,pleahmv@amazon.com,Agender,65
825,Salmon,Patching,spatchingmw@hhs.gov,Male,30
826,Elvin,Bremner,ebremnermx@mail.ru,Male,77
827,Amandie,Goosey,agooseymy@mysql.com,Female,49
828,Raffarty,Duckerin,rduckerinmz@va.gov,Male,58
829,Deina,Candie,dcandien0@ezinearticles.com,Female,24
830,Lukas,Blest,lblestn1@who.int,Male,63
831,Eduardo,Barkworth,ebarkworthn2@artisteer.com,Agender,22
832,Erinn,Hugonneau,ehugonneaun3@hhs.gov,Female,62
833,Horatio,Tuffield,htuffieldn4@java.com,Male,39
834,Paige,Vardy,pvardyn5@slashdot.org,Female,26
835,Eldon,Lillee,elilleen6@constantcontact.com,Male,52
836,Bernete,De la Feld,bdelafeldn7@wikia.com,Female,43
837,Gerek,Chalmers,gchalmersn8@pbs.org,Male,65
838,Carce,Hicklingbottom,chicklingbottomn9@google.com.au,Male,66
839,Katherina,Jouanny,kjouannyna@epa.gov,Female,77
840,Duffie,Loude,dloudenb@joomla.org,Male,34
841,Rani,Iglesia,riglesianc@icio.us,Female,73
842,Charlie,Lease,cleasend@issuu.com,Male,30
843,Arabella,Mulvaney,amulvaneyne@chicagotribune.com,Female,39
844,Antonella,Watterson,awattersonnf@unblog.fr,Bigender,69
845,Jenn,Showers,jshowersng@telegraph.co.uk,Female,56
846,Moria,Hurt,mhurtnh@about.me,Female,24
847,Faith,Hailey,fhaileyni@indiegogo.com,Non-binary,46
848,Randy,Enriquez,renriqueznj@mayoclinic.com,Female,30
849,Asia,Cheine,acheinenk@indiatimes.com,Female,32
850,Drusilla,Cartledge,dcartledgenl@virginia.edu,Agender,36
851,Pembroke,Filipiak,pfilipiaknm@ycombinator.com,Male,45
852,Addia,Broker,abrokernn@unicef.org,Genderqueer,48
853,Lisle,Rosenschein,lrosenscheinno@amazonaws.com,Male,31
854,Tamarah,Pinock,tpinocknp@mayoclinic.com,Female,38
855,Ruthie,Colloby,rcollobynq@imageshack.us,Female,25
856,Tedda,Gritskov,tgritskovnr@artisteer.com,Female,70
857,Tomas,Leatherbarrow,tleatherbarrowns@nih.gov,Male,20
858,Janot,Whatling,jwhatlingnt@posterous.com,Female,48
859,Jonie,Terram,jterramnu@barnesandnoble.com,Female,65
860,Dame,Libreros,dlibrerosnv@netscape.com,Male,56
861,Valma,Buchan,vbuchannw@blinklist.com,Female,19
862,Doria,Spon,dsponnx@ucsd.edu,Female,55
863,Blayne,Scare,bscareny@wikispaces.com,Male,21
864,Moyna,Showalter,mshowalternz@istockphoto.com,Female,38
865,Tawnya,Offen,toffeno0@booking.com,Female,39
866,Cordie,Thunderman,cthundermano1@oaic.gov.au,Male,35
867,Lindy,Wisbey,lwisbeyo2@barnesandnoble.com,Agender,69
868,Masha,Covey,mcoveyo3@privacy.gov.au,Female,53
869,Daniel,Brandone,dbrandoneo4@ameblo.jp,Male,70
870,Burnard,Ninnotti,bninnottio5@whitehouse.gov,Male,26
871,Victor,Yetts,vyettso6@sitemeter.com,Male,33
872,Esma,Walicki,ewalickio7@cam.ac.uk,Female,80
873,Maddie,Tanser,mtansero8@histats.com,Male,43
874,Karry,Fearnsides,kfearnsideso9@miitbeian.gov.cn,Female,57
875,Jacquetta,Topes,jtopesoa@exblog.jp,Female,44
876,Claybourne,Warde,cwardeob@hp.com,Male,27
877,Velma,McCaughen,vmccaughenoc@wiley.com,Female,79
878,Leonelle,Manuely,lmanuelyod@sfgate.com,Female,31
879,Scottie,Raylton,srayltonoe@etsy.com,Male,37
880,Alysa,Stuther,astutherof@dropbox.com,Female,21
881,Rebecca,McElvine,rmcelvineog@sohu.com,Female,19
882,Maressa,Rydeard,mrydeardoh@nature.com,Female,56
883,Wenda,Hauch,whauchoi@washington.edu,Female,45
884,Monro,Shernock,mshernockoj@google.cn,Male,34
885,Sally,Allgood,sallgoodok@mozilla.com,Female,28
886,Rodolph,Pyne,rpyneol@parallels.com,Male,77
887,Eadmund,Golagley,egolagleyom@earthlink.net,Male,59
888,Oneida,Bosnell,obosnellon@seesaa.net,Polygender,47
889,Wilbert,Granleese,wgranleeseoo@photobucket.com,Male,67
890,Luce,Bugge,lbuggeop@intel.com,Female,32
891,Jacobo,Garwell,jgarwelloq@soundcloud.com,Male,26
892,Graham,Blaszczyk,gblaszczykor@chronoengine.com,Male,28
893,Rogers,Bonhill,rbonhillos@accuweather.com,Male,44
894,Currey,Busch,cbuschot@google.cn,Male,30
895,Maurise,Atton,mattonou@merriam-webster.com,Male,49
896,Paige,Creffeild,pcreffeildov@quantcast.com,Female,30
897,Christiano,Merwood,cmerwoodow@abc.net.au,Male,35
898,Cris,Lifton,cliftonox@wsj.com,Agender,26
899,Teirtza,Tumulty,ttumultyoy@examiner.com,Female,20
900,Sonya,Buttler,sbuttleroz@umich.edu,Female,69
901,Boigie,Diable,bdiablep0@phoca.cz,Male,51
902,Karoly,Issacson,kissacsonp1@lulu.com,Male,31
903,Lucas,Kaemena,lkaemenap2@zdnet.com,Agender,68
904,Rayna,Dyos,rdyosp3@godaddy.com,Female,55
905,Grissel,Bithany,gbithanyp4@dedecms.com,Female,69
906,Clare,Landells,clandellsp5@sfgate.com,Female,69
907,Sayre,Yurkin,syurkinp6@sun.com,Male,53
908,Roddy,Wein,rweinp7@google.co.jp,Male,76
909,Tuesday,Osgarby,tosgarbyp8@dropbox.com,Female,38
910,Elonore,Pietroni,epietronip9@columbia.edu,Female,24
911,Ron,Clowley,rclowleypa@nhs.uk,Bigender,38
912,Warner,Bolesworth,wbolesworthpb@cdbaby.com,Male,37
913,Isa,Flack,iflackpc@time.com,Female,76
914,Gonzalo,Ganning,gganningpd@sbwire.com,Male,70
915,Jeffy,Mackin,jmackinpe@zimbio.com,Male,31
916,Paola,Calcott,pcalcottpf@usa.gov,Non-binary,60
917,Brendin,Dupey,bdupeypg@alexa.com,Male,51
918,Jarrad,Ledley,jledleyph@mapquest.com,Male,23
919,Sarina,Cokayne,scokaynepi@godaddy.com,Female,23
920,Bevin,Jecock,bjecockpj@163.com,Male,42
921,Theobald,Ride,tridepk@irs.gov,Male,24
922,Idelle,Pentelow,ipentelowpl@howstuffworks.com,Female,25
923,Ruy,de Mendoza,rdemendozapm@zdnet.com,Male,32
924,Rhoda,O'Dowling,rodowlingpn@boston.com,Female,80
925,Artur,Irce,aircepo@webmd.com,Male,60
926,Mamie,Collingdon,mcollingdonpp@abc.net.au,Female,69
927,Sal,Got,sgotpq@tmall.com,Male,39
928,Alie,Mutlow,amutlowpr@fema.gov,Female,63
929,Kermit,Sexten,ksextenps@wikipedia.org,Male,57
930,Chico,Tivolier,ctivolierpt@hao123.com,Male,24
931,Esme,Northfield,enorthfieldpu@intel.com,Male,69
932,Fabiano,Rimes,frimespv@elegantthemes.com,Male,62
933,Fidel,Stronge,fstrongepw@npr.org,Male,45
934,Eddy,Caress,ecaresspx@blogger.com,Male,23
935,Sonia,Vidineev,svidineevpy@de.vu,Female,78
936,Corney,O'Hollegan,coholleganpz@behance.net,Male,71
937,Cointon,Braisher,cbraisherq0@princeton.edu,Male,38
938,Calli,Braney,cbraneyq1@fda.gov,Female,76
939,Brandie,Wollen,bwollenq2@bigcartel.com,Female,20
940,Darline,Merriton,dmerritonq3@printfriendly.com,Female,77
941,Bethany,Clearley,bclearleyq4@businessinsider.com,Female,38
942,Kev,Noods,knoodsq5@list-manage.com,Male,77
943,Glynda,Bahde,gbahdeq6@techcrunch.com,Female,56
944,Gabby,Chandlar,gchandlarq7@dropbox.com,Male,66
945,Amanda,Franchioni,afranchioniq8@dedecms.com,Female,29
946,Theodoric,Crannell,tcrannellq9@tiny.cc,Male,31
947,Nanni,Dunks,ndunksqa@theatlantic.com,Female,38
948,Matteo,Bastide,mbastideqb@angelfire.com,Male,39
949,Daryn,Eye,deyeqc@mtv.com,Female,26
950,Carlos,Pepis,cpepisqd@pcworld.com,Male,77
951,Etan,Langran,elangranqe@state.tx.us,Male,59
952,Coralie,Nickerson,cnickersonqf@blogtalkradio.com,Female,32
953,Olivia,Gaskarth,ogaskarthqg@so-net.ne.jp,Female,65
954,Hannie,Androli,handroliqh@who.int,Female,53
955,Inness,Culkin,iculkinqi@altervista.org,Male,22
956,Lazare,Scapelhorn,lscapelhornqj@intel.com,Male,24
957,Tate,Cicculi,tcicculiqk@prweb.com,Male,75
958,Carey,Waterstone,cwaterstoneql@wsj.com,Male,49
959,Randie,Bargh,rbarghqm@aboutads.info,Bigender,28
960,Reese,Erat,reratqn@naver.com,Male,30
961,Aristotle,Tiley,atileyqo@yandex.ru,Male,22
962,Sharyl,Yakovl,syakovlqp@ebay.com,Female,55
963,Ryann,Baswall,rbaswallqq@technorati.com,Female,30
964,Isak,Jurgensen,ijurgensenqr@nsw.gov.au,Male,61
965,Adora,Arsmith,aarsmithqs@networkadvertising.org,Female,59
966,Ede,Soames,esoamesqt@360.cn,Female,54
967,Milly,Blaney,mblaneyqu@google.ca,Female,59
968,Seka,Turl,sturlqv@livejournal.com,Female,63
969,Vilma,Olland,vollandqw@ibm.com,Female,19
970,Dicky,Parriss,dparrissqx@huffingtonpost.com,Male,41
971,Timmi,Murby,tmurbyqy@wix.com,Genderfluid,76
972,Salvatore,Caghy,scaghyqz@xrea.com,Male,48
973,Merci,Grigoletti,mgrigolettir0@wikia.com,Polygender,65
974,Avram,Pattemore,apattemorer1@g.co,Male,35
975,Jayme,Hanscom,jhanscomr2@mit.edu,Agender,56
976,Sheri,Dumbell,sdumbellr3@newyorker.com,Female,80
977,Amandi,Archbutt,aarchbuttr4@oracle.com,Female,24
978,Daffy,Wellesley,dwellesleyr5@aboutads.info,Polygender,65
979,Wallache,Kirsche,wkirscher6@comsenz.com,Male,76
980,Crystie,Skeath,cskeathr7@mashable.com,Genderfluid,70
981,Demetri,Pettitt,dpettittr8@nhs.uk,Male,46
982,Dotti,Bonhome,dbonhomer9@ca.gov,Female,46
983,Agnella,Lidington,alidingtonra@baidu.com,Female,38
984,Conroy,Zarfai,czarfairb@amazon.com,Genderfluid,49
985,Olimpia,Poad,opoadrc@bandcamp.com,Female,49
986,Ebeneser,Lingner,elingnerrd@alibaba.com,Male,22
987,Charis,Valintine,cvalintinere@fastcompany.com,Female,52
988,Alric,Purcell,apurcellrf@jigsy.com,Male,28
989,Petronella,Gianetti,pgianettirg@omniture.com,Female,55
990,Dede,Tretwell,dtretwellrh@ehow.com,Agender,31
991,Christabella,Crannell,ccrannellri@issuu.com,Female,42
992,Kaylyn,Walls,kwallsrj@scientificamerican.com,Female,33
993,Kora,Biernat,kbiernatrk@engadget.com,Female,73
994,Tomkin,Buxcey,tbuxceyrl@nydailynews.com,Male,80
995,Angel,Grunder,agrunderrm@desdev.cn,Male,72
996,Gabbi,Aland,galandrn@sphinn.com,Female,69
997,Oliver,Camilli,ocamilliro@earthlink.net,Male,70
998,Reynold,Doppler,rdopplerrp@independent.co.uk,Male,72
999,Elwira,Kimmons,ekimmonsrq@surveymonkey.com,Female,68
1000,Aubrey,Bellow,abellowrr@sakura.ne.jp,Non-binary,22
